用户,用户ID,评论内容,点赞数,评论时间,IP属地
在等几年就,1688873652,凭什么不能下载,0,2022-10-07 05:09:38.818,
纪漓,410493192,人烟稀少,0,2020-06-10 03:53:47.181,
I人活着就是为了樱岛麻衣I,1368533765,9评论？这可不行,1,2020-04-26 07:08:29.122,
zz723y,404896355,第一批拾荒者,0,2020-04-20 15:43:27.685,
青得里jay,1582286079,火钳刘明,0,2020-03-04 01:05:38.364,
WhiteFerrar1,41748103,但这是真他喵好听啊[流泪],0,2020-02-10 01:41:55.996,
WhiteFerrar1,41748103,这他喵是我见过最少评论的,0,2020-02-10 01:41:30.152,
五芒星wmx,1433058985,免费的在哪[发怒][发怒],0,2018-05-05 05:58:48.954,
Ming-J,282281498,我第四…,0,2017-12-25 15:53:09.799,
青山潘安,124122510,我第三[可爱],0,2017-12-09 13:43:19.080,
baby兔崽子,296100145,我第二个哦,0,2017-11-22 09:41:06.141,
举个毛栗籽,433658917,沙发是我的,0,2017-11-09 12:00:55.462,
